numero,nombre,precio,opiniones
1,"Nautica Blue Eau de Toilette para Hombre, 100 ml, Azul",$208.11,13490
2,"Armaf Club De Nuit Intense Men Eau de Toilette en Spray, 105 ml / 3.6 oz",$482.35,80673
3,"Nautica Voyage Eau de Toilette para Hombre, Multicolor, 100 ml",$268.00,127437
4,"Afnan Agua de Perfume EDP 9PM para Hombres, 100 ml (Paquete de 1)",$469.00,20283
5,"Armaf Odyssey Mandarin Sky Eau de Parfum Spray for Men, 3.4 Ounce",$579.00,5658
6,"Lattafa Asad Eau de Parfum Spray for Men, 3.4 Ounce",$418.90,21321
7,"Rasasi Hawas Ice Eau de Parfum Spray for Men, 3.4 Ounce",$682.47,2811
8,"GUESS Women's 1981, 3.4 oz.",$323.99,8650
9,Hawas by Rasasi Eau De Parfum Spray 3.4 oz / 100 ml (Men),$637.00,14245
10,"Lattafa Khamrah for Unisex Eau de Parfum Spray, 3.4 Ounce",$529.00,27657
11,Armaf Odyssey EDP Spray Men 3.4 oz,$245.70,1685
12,"Nautica Voyage Sport Eau de Toilette para Hombre, 100 ml",$596.80,4651
13,"ISDIN ACNIBEN Body Spray Corporal de Secado Rápido - Reducción de Granos Corporales, 150 ml",$908.90,3646
14,ARMAF CLUB DE NUIT PRECIEUX 1 EXTRAIT DE PARFUM FOR MEN 1.85 OZ,$271.00,1419
15,"Nautica - Nautica - Voyage by Spray de 3.4 oz para hombre, 100% auténtico",$499.00,8761
16,"Afnan Agua de Perfume EDP 9AM Dive para Hombres, 100 ml (Paquete de 1)",$509.00,2186
17,Armaf Odyssey Homme White Edition EDP Spray Men 3.4 oz,$478.90,1792
18,"Maison Alhambra Sceptre Malachite Eau de Parfum Spray for Unisex, 3.4 Ounce",$509.00,368
19,ARMAF ODYSSEY MEGA EAU DE PARFUM FOR MEN 3.4 OZ,$328.78,810
20,"Armaf Tag Her for Women Eau de Parfum Spray, 3.4 Ounce",$455.76,1280
21,"Lattafa Yara Candy for Women Eau de Parfum Spray, 3.4 Ounce / 100 ml",$509.15,4888
22,"Tommy Hilfiger Toomy Girl Eau De Toilette Spray For Women, 3.4 Fl. Oz",$711.78,14245
23,"Al Haramain Amber Oud Gold Edition Unisex Eau De Parfum, 2.0 Ounce",$428.70,11185
24,"Perry Ellis - 360 Red para hombres, 3.4 fl oz EDT",$552.37,7894
25,"TOMMY HILFIGER – Tommy Eau de Toilette Hombre 100 ml, Fragancia Cítrica Aromática, Notas de Menta y Pomelo, Perfume Masculino Fresco y Moderno, Aroma Versátil y Energizante, Colonia Original",$569.00,15668
26,"Lattafa Yara for Women Eau de Parfum, 3.4 Ounce",$932.39,37434
27,"Lattafa Khamrah Qahwa Eau de Parfum Spray for Unisex, 3.4 Ounce",$659.00,6113
28,"Versace - Espray Eros para hombre, 3.4 onzas",$966.82,22449
29,ARMAF Club de Nuit Urban Man Elixir by Armaf for Men - 3.6 oz EDP Spray,$393.60,2193
30,ARIANA GRANDE - Cloud DAMA 100 ml EDP Spray,"$1,039.00",28464
31,"Lattafa Yara Tous for Women Eau de Parfum Spray, 3.4 Ounce",$394.57,6584
32,Bharara King Eau De Parfum 100ml Gran Proyección Y Duración,$610.27,3609
33,"Katy Perry - Aerosol Meow para mujer, 3.4 onzas","$1,489.00",9297
34,"Lattafa Asad Bourbon Eau de Parfum Spray for Unisex, 3.4 Ounce",$475.80,2576
35,"Azzaro - El Eau de Parfum Intense más buscado | Colonia seductora, picante y carismática para hombre",$569.40,8491
36,"Lattafa Haya for Women Eau de Parfum Spray, 3.4 Ounce",$529.00,2470
37,"Cacharel Amor Amor Spray, 3.4 Fl Oz",$250.00,9095
38,"Emper Stallion 53 Eau de Parfum Spray for Unisex, 3.4 Ounce/100 ml",$354.88,1337
39,"Lattafa Bade'e Al Oud Amethyst for Unisex Eau de Parfum Spray, 3.4 Ounce",$815.00,1898
40,"L'BEL - Bleu Intense Perfume 100 ml, para Hombre, Fresco y de Larga Duración, Familia Olfativa Herbal Aromática, Perfume Masculino con Energía y sin Límites",$312.00,5577
41,Thank U Next by Ariana Grande for Women - 8 oz Body Mist,$356.06,8931
42,Guess Guess Seductive Red Women EDT Spray 2.5 oz,$729.15,1530
43,Armaf Club De Nuit Intense EDP Spray Men 6.8 oz,$464.00,12790
44,"Lattafa Qaed Al Fursan for Unisex Eau de Parfum Spray, 3.0 Ounce",$421.64,4114
45,"Katy Perry - Spray Purr para mujer, 3.3 onzas, 100 ml",$403.00,7871
46,"Ariana Grande - Ari Spray para mujer, 3.4 onzas",$927.64,18140
47,Armaf Odyssey Limoni 3.4 EDP Men,,220
48,Cool Water by Zino Davidoff for Women - 3.4 oz EDT Spray,,14163
49,"GUESS - Spray para mujeres, 2.5 onzas líquidas",,9085
50,Explorer by Mont Blanc for Men - 3.3 oz EDP Spray,,17154
51,"Nautica Eau de Toilette para Hombre, Blue, 100 ml",$290.00,3174
52,"L'BEL - Bleu Intense Night Perfume 100 ml, para Hombre, Fresco y de Larga Duración, Familia Olfativa Herbal Aromática, con Toques Amaderados, Perfume Masculino con Energía y sin Límites",$701.00,3333
53,"Jesus del Pozo - Eau de toilette en aerosol Halloween para mujer de 100 ml, 3.4 oz/100 ml","$1,573.00",7093
54,Versace Eros Perfume para Hombre - 1 x 100 ml,$255.00,7377
55,JEAN PAUL GAULTIER Jpg Le Male Edp 125V Exc. 125 ml,$753.81,3341
56,"L'BEL - Fleur Perfume 50 ml, para Mujer, Fresco y de Larga Duración y Fijación, Familia Olfativa Floral, Perfume Femenino, Seguro, Determinado y Cautivador, de Muy Alta Concentración",$552.22,251
57,"Montblanc Legend for Men Eau de Toilette Spray, 3.3 Ounce",$515.00,10960
58,"DUMONT - NITRO RED Eau De Perfum Body Spray (3.4 oz) - Men's Fragrances with Fruit, Woody & Floral Fragrance – Scented Perfume for Men, Him - Long Lasting Cologne with Masculine Scent","$1,019.76",2361
59,"L'BEL - Pack Perfume, Bleu Intense 100 ml + Bleu Intense Night 100 ml, Perfumes para Hombres, Frescos y de Larga Duración, Familia Herbal Aromática, Perfumes Masculinos con Energía","$1,444.15",2005
60,Q by Dolce and Gabbana for Women - 3.3 oz EDP Spray,$707.75,564
61,"Carolina Herrera - 212 VIP Black Men de 3,4 onzas/100 ml, lanzado en 2017",$387.53,4312
62,Club De Nuit by Armaf for Women - 6.8 oz EDP Spray,$599.00,1775
63,"GUESS - Spray Seductive Homme para hombre, azul, 3.4 onzas",$722.03,3583
64,Club De Nuit Sillage by Armaf for Men - 3.6 oz EDP Spray,$66.00,9188
65,"Ariana Grande - Sweet Like Candy, 3.4 onzas",$190.00,11405
66,Chupa Chups Fragrance Mist Strawberry Cream 200ml,$759.00,811
67,ISDIN BABY NATURALS BABY MIST 200ML,$282.54,690
68,"Lattafa Fakhar - Fresh, Fruity, Bergamot, Amber Wood - Eau de Parfum Long-Lasting Fragrance for Men, 3.40 Ounce / 100 ml",$541.42,7593
69,Perfume Armaf Odyssey Artisto EDP 100ml,$719.00,40
70,"Nautica Eau de Toilette Voyage N-83 para Hombre, color Azul, 3.4 Oz/ 100 ml",$428.33,3528
71,"Zino Davidoff - Aerosol Cool Water de Davidoff para hombre, 6.7 oz","$1,529.00",60096
72,"Afnan Agua de Perfume EDP 9PM Rebel (Red) para Adultos unisex, 100ml","$1,123.11",1065
73,"Lattafa Suqraat Eau de Parfum Spray for Men, 3.4 Ounce",$289.00,185
74,"Versace - Agua de perfume espray Eros Flame para hombre, 3.4 onzas, rojo",$367.99,9436
75,"Versace Bright Crystal Absolu Spray, 3.0 Ounce",$186.53,5726
76,Maison Alhambra Cosmo Women Moiselle EDP 3.4 Oz Sp,$459.31,119
77,"GUESS - Dare para hombres, 3.4 onzas",$399.00,2383
78,"Benetton - Aerosol EDT Hot de United Colors of para mujer, 3.3 onzas",$603.87,2400
79,"Calvin Klein IN2U Eau de Toilette Spray para Mujer, 3.4 Oz/100 ml","$1,378.68",29902
80,Hayaati 100ml EDP Spray,$197.42,2582
81,"Calvin Klein Sheer Beauty Spray for Women, 3.4 Fl. Oz",$806.76,2686
82,Carolina Herrera - 212 de For Men. Rocíe 3.4 onzas,$766.41,8805
83,Paris Hilton Rose Rush Body Spray Women 8 oz,"$2,384.00",1757
84,Billie Eilish Eau de Parfum 100 ml,$409.48,2567
85,"Lattafa Eclaire Eau de Parfum Spray for Women, 3.4 Ounce",$455.76,6128
86,Jean Paul Gaultier Le Beau 125 ml EDP Spray,$899.00,1739
87,Britney Spears Fantasy Spray 3.3 oz,$245.00,17916
88,"Lattafa Perfumes Bade'e Al Oud Oud for Glory Eau De Parfum Spray for Unisex, 3.4 Ounce",$265.00,12008
89,Hugo Boss Hugo for Men EDT Spray 4.2 oz,$559.00,9542
90,"ésika - Vibranza Blanc 45 ml, Perfume para Mujer, Fresco y de Larga Duración, Familia Olfativa Floral, Perfume Femenino, Dulce y Atrevido, con Muy Alta Concentración, para Mujer Segura de Sí Misma","$1,195.00",2103
91,"L'BEL - Bleu Glacial 100 ml, Perfume para Hombre, Fresco y de Larga Duración, Familia Olfativa Herbal Aromática, con Notas Amaderadas, Perfume Masculino y Enérgico, con Menta Helada y Pino de Siberia",$466.65,668
92,"Santal 33 by Roze Fragrances Perfume Inspirado en Santal 33 – Perfume 98% Fiel al Aroma para Hombre y Mujer, Larga Duración, Versión Inspirada de Alta Calidad 100 ml, Acordes Principales: Amaderado, Empolvado",$770.00,308
93,"Coach Floral Eau De Parfum, 3.0 Fl Oz",$485.70,4376
94,"Lattafa Yara Moi for Women Eau de Parfum Spray, 3.4 Ounce",$712.36,5794
95,"Armaf Club de Nuit Iconic for Men Eau de Parfum Spray, 3.6 Ounce","$1,082.60",2667
96,"Perry Ellis 18 By Perry Ellis For Women, Spray, 3.4-Ounce Bottle",$384.87,1258
97,"Halloween Man X Agua de Colonia para Hombre - 1 x 4,2 Onzas",$725.98,5522
98,"MONTBLANC Legend Spirit Eau De Toilette, 6.7 Fl Oz",,1745
99,Perry Ellis 18 Intense by Perry Ellis for Men - 3.4 Ounce EDT Spray,,1134
100,"MOSCHINO - Spray I Love, para mujer, 3.4 oz",,6992
